CREATE OR REPLACE FUNCTION migration.create_jbpm_datamodel()
  RETURNS integer AS
$BODY$BEGIN
    create table JBPM_ACTION (ID_ int8 not null, class char(1) not null, NAME_ varchar(255), ISPROPAGATIONALLOWED_ bool, ACTIONEXPRESSION_ varchar(255), ISASYNC_ bool, REFERENCEDACTION_ int8, ACTIONDELEGATION_ int8, EVENT_ int8, PROCESSDEFINITION_ int8, EXPRESSION_ varchar(4000), TIMERNAME_ varchar(255), DUEDATE_ varchar(255), REPEAT_ varchar(255), TRANSITIONNAME_ varchar(255), TIMERACTION_ int8, EVENTINDEX_ int4, EXCEPTIONHANDLER_ int8, EXCEPTIONHANDLERINDEX_ int4, primary key (ID_));
    create table JBPM_BYTEARRAY (ID_ int8 not null, NAME_ varchar(255), FILEDEFINITION_ int8, primary key (ID_));
    create table JBPM_BYTEBLOCK (PROCESSFILE_ int8 not null, BYTES_ bytea, INDEX_ int4 not null, primary key (PROCESSFILE_, INDEX_));
    create table JBPM_COMMENT (ID_ int8 not null, VERSION_ int4 not null, ACTORID_ varchar(255), TIME_ timestamp, MESSAGE_ varchar(4000), TOKEN_ int8, TASKINSTANCE_ int8, TOKENINDEX_ int4, TASKINSTANCEINDEX_ int4, primary key (ID_));
    create table JBPM_DECISIONCONDITIONS (DECISION_ int8 not null, TRANSITIONNAME_ varchar(255), EXPRESSION_ varchar(255), INDEX_ int4 not null, primary key (DECISION_, INDEX_));
    create table JBPM_DELEGATION (ID_ int8 not null, CLASSNAME_ varchar(4000), CONFIGURATION_ varchar(4000), CONFIGTYPE_ varchar(255), PROCESSDEFINITION_ int8, primary key (ID_));
    create table JBPM_EVENT (ID_ int8 not null, EVENTTYPE_ varchar(255), TYPE_ char(1), GRAPHELEMENT_ int8, PROCESSDEFINITION_ int8, NODE_ int8, TRANSITION_ int8, TASK_ int8, primary key (ID_));
    create table JBPM_EXCEPTIONHANDLER (ID_ int8 not null, EXCEPTIONCLASSNAME_ varchar(4000), TYPE_ char(1), GRAPHELEMENT_ int8, PROCESSDEFINITION_ int8, GRAPHELEMENTINDEX_ int4, NODE_ int8, TRANSITION_ int8, TASK_ int8, primary key (ID_));
    create table JBPM_ID_GROUP (ID_ int8 not null, CLASS_ char(1) not null, NAME_ varchar(255), TYPE_ varchar(255), PARENT_ int8, primary key (ID_));
    create table JBPM_ID_MEMBERSHIP (ID_ int8 not null, CLASS_ char(1) not null, NAME_ varchar(255), ROLE_ varchar(255), USER_ int8, GROUP_ int8, primary key (ID_));
    create table JBPM_ID_PERMISSIONS (ENTITY_ int8 not null, CLASS_ varchar(255), NAME_ varchar(255), ACTION_ varchar(255));
    create table JBPM_ID_USER (ID_ int8 not null, CLASS_ char(1) not null, NAME_ varchar(255), EMAIL_ varchar(255), PASSWORD_ varchar(255), primary key (ID_));
    create table JBPM_JOB (ID_ int8 not null, CLASS_ char(1) not null, VERSION_ int4 not null, DUEDATE_ timestamp, PROCESSINSTANCE_ int8, TOKEN_ int8, TASKINSTANCE_ int8, ISSUSPENDED_ bool, ISEXCLUSIVE_ bool, LOCKOWNER_ varchar(255), LOCKTIME_ timestamp, EXCEPTION_ varchar(4000), RETRIES_ int4, NAME_ varchar(255), REPEAT_ varchar(255), TRANSITIONNAME_ varchar(255), ACTION_ int8, GRAPHELEMENTTYPE_ varchar(255), GRAPHELEMENT_ int8, NODE_ int8, primary key (ID_));
    create table JBPM_LOG (ID_ int8 not null, CLASS_ char(1) not null, INDEX_ int4, DATE_ timestamp, TOKEN_ int8, PARENT_ int8, MESSAGE_ varchar(4000), EXCEPTION_ varchar(4000), ACTION_ int8, NODE_ int8, ENTER_ timestamp, LEAVE_ timestamp, DURATION_ int8, NEWLONGVALUE_ int8, TRANSITION_ int8, CHILD_ int8, SOURCENODE_ int8, DESTINATIONNODE_ int8, VARIABLEINSTANCE_ int8, OLDBYTEARRAY_ int8, NEWBYTEARRAY_ int8, OLDDATEVALUE_ timestamp, NEWDATEVALUE_ timestamp, OLDDOUBLEVALUE_ float8, NEWDOUBLEVALUE_ float8, OLDLONGIDCLASS_ varchar(255), OLDLONGIDVALUE_ int8, NEWLONGIDCLASS_ varchar(255), NEWLONGIDVALUE_ int8, OLDSTRINGIDCLASS_ varchar(255), OLDSTRINGIDVALUE_ varchar(255), NEWSTRINGIDCLASS_ varchar(255), NEWSTRINGIDVALUE_ varchar(255), OLDLONGVALUE_ int8, OLDSTRINGVALUE_ varchar(4000), NEWSTRINGVALUE_ varchar(4000), TASKINSTANCE_ int8, TASKACTORID_ varchar(255), TASKOLDACTORID_ varchar(255), SWIMLANEINSTANCE_ int8, primary key (ID_));
    create table JBPM_MODULEDEFINITION (ID_ int8 not null, CLASS_ char(1) not null, NAME_ varchar(4000), PROCESSDEFINITION_ int8, STARTTASK_ int8, primary key (ID_));
    create table JBPM_MODULEINSTANCE (ID_ int8 not null, CLASS_ char(1) not null, VERSION_ int4 not null, PROCESSINSTANCE_ int8, TASKMGMTDEFINITION_ int8, NAME_ varchar(255), primary key (ID_));
    create table JBPM_NODE (ID_ int8 not null, CLASS_ char(1) not null, NAME_ varchar(255), DESCRIPTION_ varchar(4000), PROCESSDEFINITION_ int8, ISASYNC_ bool, ISASYNCEXCL_ bool, ACTION_ int8, SUPERSTATE_ int8, SUBPROCNAME_ varchar(255), SUBPROCESSDEFINITION_ int8, DECISIONEXPRESSION_ varchar(255), DECISIONDELEGATION int8, SCRIPT_ int8, SIGNAL_ int4, CREATETASKS_ bool, ENDTASKS_ bool, NODECOLLECTIONINDEX_ int4, primary key (ID_));
    create table JBPM_POOLEDACTOR (ID_ int8 not null, VERSION_ int4 not null, ACTORID_ varchar(255), SWIMLANEINSTANCE_ int8, primary key (ID_));
    create table JBPM_PROCESSDEFINITION (ID_ int8 not null, CLASS_ char(1) not null, NAME_ varchar(255), DESCRIPTION_ varchar(4000), VERSION_ int4, ISTERMINATIONIMPLICIT_ bool, STARTSTATE_ int8, primary key (ID_));
    create table JBPM_PROCESSINSTANCE (ID_ int8 not null, VERSION_ int4 not null, KEY_ varchar(255), START_ timestamp, END_ timestamp, ISSUSPENDED_ bool, PROCESSDEFINITION_ int8, ROOTTOKEN_ int8, SUPERPROCESSTOKEN_ int8, primary key (ID_));
    create table JBPM_RUNTIMEACTION (ID_ int8 not null, VERSION_ int4 not null, EVENTTYPE_ varchar(255), TYPE_ char(1), GRAPHELEMENT_ int8, PROCESSINSTANCE_ int8, ACTION_ int8, PROCESSINSTANCEINDEX_ int4, primary key (ID_));
    create table JBPM_SWIMLANE (ID_ int8 not null, NAME_ varchar(255), ACTORIDEXPRESSION_ varchar(255), POOLEDACTORSEXPRESSION_ varchar(255), ASSIGNMENTDELEGATION_ int8, TASKMGMTDEFINITION_ int8, primary key (ID_));
    create table JBPM_SWIMLANEINSTANCE (ID_ int8 not null, VERSION_ int4 not null, NAME_ varchar(255), ACTORID_ varchar(255), SWIMLANE_ int8, TASKMGMTINSTANCE_ int8, primary key (ID_));
    create table JBPM_TASK (ID_ int8 not null, NAME_ varchar(255), DESCRIPTION_ varchar(4000), PROCESSDEFINITION_ int8, ISBLOCKING_ bool, ISSIGNALLING_ bool, CONDITION_ varchar(255), DUEDATE_ varchar(255), PRIORITY_ int4, ACTORIDEXPRESSION_ varchar(255), POOLEDACTORSEXPRESSION_ varchar(255), TASKMGMTDEFINITION_ int8, TASKNODE_ int8, STARTSTATE_ int8, ASSIGNMENTDELEGATION_ int8, SWIMLANE_ int8, TASKCONTROLLER_ int8, primary key (ID_));
    create table JBPM_TASKACTORPOOL (TASKINSTANCE_ int8 not null, POOLEDACTOR_ int8 not null, primary key (TASKINSTANCE_, POOLEDACTOR_));
    create table JBPM_TASKCONTROLLER (ID_ int8 not null, TASKCONTROLLERDELEGATION_ int8, primary key (ID_));
    create table JBPM_TASKINSTANCE (ID_ int8 not null, CLASS_ char(1) not null, VERSION_ int4 not null, NAME_ varchar(255), DESCRIPTION_ varchar(4000), ACTORID_ varchar(255), CREATE_ timestamp, START_ timestamp, END_ timestamp, DUEDATE_ timestamp, PRIORITY_ int4, ISCANCELLED_ bool, ISSUSPENDED_ bool, ISOPEN_ bool, ISSIGNALLING_ bool, ISBLOCKING_ bool, TASK_ int8, TOKEN_ int8, PROCINST_ int8, SWIMLANINSTANCE_ int8, TASKMGMTINSTANCE_ int8, primary key (ID_));
    create table JBPM_TOKEN (ID_ int8 not null, VERSION_ int4 not null, NAME_ varchar(255), START_ timestamp, END_ timestamp, NODEENTER_ timestamp, NEXTLOGINDEX_ int4, ISABLETOREACTIVATEPARENT_ bool, ISTERMINATIONIMPLICIT_ bool, ISSUSPENDED_ bool, LOCK_ varchar(255), NODE_ int8, PROCESSINSTANCE_ int8, PARENT_ int8, SUBPROCESSINSTANCE_ int8, primary key (ID_));
    create table JBPM_TOKENVARIABLEMAP (ID_ int8 not null, VERSION_ int4 not null, TOKEN_ int8, CONTEXTINSTANCE_ int8, primary key (ID_));
    create table JBPM_TRANSITION (ID_ int8 not null, NAME_ varchar(255), DESCRIPTION_ varchar(4000), PROCESSDEFINITION_ int8, FROM_ int8, TO_ int8, CONDITION_ varchar(255), FROMINDEX_ int4, primary key (ID_));
    create table JBPM_VARIABLEACCESS (ID_ int8 not null, VARIABLENAME_ varchar(255), ACCESS_ varchar(255), MAPPEDNAME_ varchar(255), SCRIPT_ int8, PROCESSSTATE_ int8, TASKCONTROLLER_ int8, INDEX_ int4, primary key (ID_));
    create table JBPM_VARIABLEINSTANCE (ID_ int8 not null, CLASS_ char(1) not null, VERSION_ int4 not null, NAME_ varchar(255), CONVERTER_ char(1), TOKEN_ int8, TOKENVARIABLEMAP_ int8, PROCESSINSTANCE_ int8, BYTEARRAYVALUE_ int8, DATEVALUE_ timestamp, DOUBLEVALUE_ float8, LONGIDCLASS_ varchar(255), LONGVALUE_ int8, STRINGIDCLASS_ varchar(255), STRINGVALUE_ varchar(4000), TASKINSTANCE_ int8, primary key (ID_));
    create index IDX_ACTION_ACTNDL on JBPM_ACTION (ACTIONDELEGATION_);
    create index IDX_ACTION_REFACT on JBPM_ACTION (REFERENCEDACTION_);
    create index IDX_ACTION_PROCDF on JBPM_ACTION (PROCESSDEFINITION_);
    create index IDX_ACTION_EVENT on JBPM_ACTION (EVENT_);
    create index IDX_CRTETIMERACT_TA on JBPM_ACTION (TIMERACTION_);
    alter table JBPM_ACTION add constraint FK_ACTION_REFACT foreign key (REFERENCEDACTION_) references JBPM_ACTION;
    alter table JBPM_ACTION add constraint FK_CRTETIMERACT_TA foreign key (TIMERACTION_) references JBPM_ACTION;
    alter table JBPM_ACTION add constraint FK_ACTION_PROCDEF foreign key (PROCESSDEFINITION_) references JBPM_PROCESSDEFINITION;
    alter table JBPM_ACTION add constraint FK_ACTION_EVENT foreign key (EVENT_) references JBPM_EVENT;
    alter table JBPM_ACTION add constraint FK_ACTION_ACTNDEL foreign key (ACTIONDELEGATION_) references JBPM_DELEGATION;
    alter table JBPM_ACTION add constraint FK_ACTION_EXPTHDL foreign key (EXCEPTIONHANDLER_) references JBPM_EXCEPTIONHANDLER;
    alter table JBPM_BYTEARRAY add constraint FK_BYTEARR_FILDEF foreign key (FILEDEFINITION_) references JBPM_MODULEDEFINITION;
    alter table JBPM_BYTEBLOCK add constraint FK_BYTEBLOCK_FILE foreign key (PROCESSFILE_) references JBPM_BYTEARRAY;
    create index IDX_COMMENT_TSK on JBPM_COMMENT (TASKINSTANCE_);
    create index IDX_COMMENT_TOKEN on JBPM_COMMENT (TOKEN_);
    alter table JBPM_COMMENT add constraint FK_COMMENT_TOKEN foreign key (TOKEN_) references JBPM_TOKEN;
    alter table JBPM_COMMENT add constraint FK_COMMENT_TSK foreign key (TASKINSTANCE_) references JBPM_TASKINSTANCE;
    alter table JBPM_DECISIONCONDITIONS add constraint FK_DECCOND_DEC foreign key (DECISION_) references JBPM_NODE;
    create index IDX_DELEG_PRCD on JBPM_DELEGATION (PROCESSDEFINITION_);
    alter table JBPM_DELEGATION add constraint FK_DELEGATION_PRCD foreign key (PROCESSDEFINITION_) references JBPM_PROCESSDEFINITION;
    alter table JBPM_EVENT add constraint FK_EVENT_PROCDEF foreign key (PROCESSDEFINITION_) references JBPM_PROCESSDEFINITION;
    alter table JBPM_EVENT add constraint FK_EVENT_TRANS foreign key (TRANSITION_) references JBPM_TRANSITION;
    alter table JBPM_EVENT add constraint FK_EVENT_NODE foreign key (NODE_) references JBPM_NODE;
    alter table JBPM_EVENT add constraint FK_EVENT_TASK foreign key (TASK_) references JBPM_TASK;
    alter table JBPM_ID_GROUP add constraint FK_ID_GRP_PARENT foreign key (PARENT_) references JBPM_ID_GROUP;
    alter table JBPM_ID_MEMBERSHIP add constraint FK_ID_MEMSHIP_GRP foreign key (GROUP_) references JBPM_ID_GROUP;
    alter table JBPM_ID_MEMBERSHIP add constraint FK_ID_MEMSHIP_USR foreign key (USER_) references JBPM_ID_USER;
    create index IDX_JOB_TSKINST on JBPM_JOB (TASKINSTANCE_);
    create index IDX_JOB_ACTION on JBPM_JOB (ACTION_);
    create index IDX_JOB_NODE on JBPM_JOB (NODE_);
    create index IDX_JOB_TOKEN on JBPM_JOB (TOKEN_);
    create index IDX_JOB_PRINST on JBPM_JOB (PROCESSINSTANCE_);
    alter table JBPM_JOB add constraint FK_JOB_PRINST foreign key (PROCESSINSTANCE_) references JBPM_PROCESSINSTANCE;
    alter table JBPM_JOB add constraint FK_JOB_ACTION foreign key (ACTION_) references JBPM_ACTION;
    alter table JBPM_JOB add constraint FK_JOB_TOKEN foreign key (TOKEN_) references JBPM_TOKEN;
    alter table JBPM_JOB add constraint FK_JOB_NODE foreign key (NODE_) references JBPM_NODE;
    alter table JBPM_JOB add constraint FK_JOB_TSKINST foreign key (TASKINSTANCE_) references JBPM_TASKINSTANCE;
    create index IDX_LOG_NEWBYTES on JBPM_LOG (NEWBYTEARRAY_);
    create index IDX_LOG_OLDBYTES on JBPM_LOG (OLDBYTEARRAY_);
    create index IDX_LOG_TASKINST on JBPM_LOG (TASKINSTANCE_);
    create index IDX_LOG_SWIMINST on JBPM_LOG (SWIMLANEINSTANCE_);
    create index IDX_LOG_TRANSITION on JBPM_LOG (TRANSITION_);
    create index IDX_LOG_VARINST on JBPM_LOG (VARIABLEINSTANCE_);
    create index IDX_LOG_PARENT on JBPM_LOG (PARENT_);
    create index IDX_LOG_DESTNODE on JBPM_LOG (DESTINATIONNODE_);
    create index IDX_LOG_NODE on JBPM_LOG (NODE_);
    create index IDX_LOG_CHILDTOKEN on JBPM_LOG (CHILD_);
    create index IDX_LOG_TOKEN on JBPM_LOG (TOKEN_);
    create index IDX_LOG_ACTION on JBPM_LOG (ACTION_);
    create index IDX_LOG_SOURCENODE on JBPM_LOG (SOURCENODE_);
    alter table JBPM_LOG add constraint FK_LOG_SOURCENODE foreign key (SOURCENODE_) references JBPM_NODE;
    alter table JBPM_LOG add constraint FK_LOG_DESTNODE foreign key (DESTINATIONNODE_) references JBPM_NODE;
    alter table JBPM_LOG add constraint FK_LOG_TOKEN foreign key (TOKEN_) references JBPM_TOKEN;
    alter table JBPM_LOG add constraint FK_LOG_TRANSITION foreign key (TRANSITION_) references JBPM_TRANSITION;
    alter table JBPM_LOG add constraint FK_LOG_TASKINST foreign key (TASKINSTANCE_) references JBPM_TASKINSTANCE;
    alter table JBPM_LOG add constraint FK_LOG_CHILDTOKEN foreign key (CHILD_) references JBPM_TOKEN;
    alter table JBPM_LOG add constraint FK_LOG_OLDBYTES foreign key (OLDBYTEARRAY_) references JBPM_BYTEARRAY;
    alter table JBPM_LOG add constraint FK_LOG_SWIMINST foreign key (SWIMLANEINSTANCE_) references JBPM_SWIMLANEINSTANCE;
    alter table JBPM_LOG add constraint FK_LOG_NEWBYTES foreign key (NEWBYTEARRAY_) references JBPM_BYTEARRAY;
    alter table JBPM_LOG add constraint FK_LOG_ACTION foreign key (ACTION_) references JBPM_ACTION;
    alter table JBPM_LOG add constraint FK_LOG_VARINST foreign key (VARIABLEINSTANCE_) references JBPM_VARIABLEINSTANCE;
    alter table JBPM_LOG add constraint FK_LOG_NODE foreign key (NODE_) references JBPM_NODE;
    alter table JBPM_LOG add constraint FK_LOG_PARENT foreign key (PARENT_) references JBPM_LOG;
    create index IDX_MODDEF_PROCDF on JBPM_MODULEDEFINITION (PROCESSDEFINITION_);
    create index IDX_TSKDEF_START on JBPM_MODULEDEFINITION (STARTTASK_);
    alter table JBPM_MODULEDEFINITION add constraint FK_MODDEF_PROCDEF foreign key (PROCESSDEFINITION_) references JBPM_PROCESSDEFINITION;
    alter table JBPM_MODULEDEFINITION add constraint FK_TSKDEF_START foreign key (STARTTASK_) references JBPM_TASK;
    create index IDX_MODINST_PRINST on JBPM_MODULEINSTANCE (PROCESSINSTANCE_);
    create index IDX_TASKMGTINST_TMD on JBPM_MODULEINSTANCE (TASKMGMTDEFINITION_);
    alter table JBPM_MODULEINSTANCE add constraint FK_MODINST_PRCINST foreign key (PROCESSINSTANCE_) references JBPM_PROCESSINSTANCE;
    alter table JBPM_MODULEINSTANCE add constraint FK_TASKMGTINST_TMD foreign key (TASKMGMTDEFINITION_) references JBPM_MODULEDEFINITION;
    create index IDX_DECISION_DELEG on JBPM_NODE (DECISIONDELEGATION);
    create index IDX_PSTATE_SBPRCDEF on JBPM_NODE (SUBPROCESSDEFINITION_);
    create index IDX_NODE_PROCDEF on JBPM_NODE (PROCESSDEFINITION_);
    create index IDX_NODE_SCRIPT on JBPM_NODE (SCRIPT_);
    create index IDX_NODE_ACTION on JBPM_NODE (ACTION_);
    create index IDX_NODE_SUPRSTATE on JBPM_NODE (SUPERSTATE_);
    alter table JBPM_NODE add constraint FK_DECISION_DELEG foreign key (DECISIONDELEGATION) references JBPM_DELEGATION;
    alter table JBPM_NODE add constraint FK_NODE_PROCDEF foreign key (PROCESSDEFINITION_) references JBPM_PROCESSDEFINITION;
    alter table JBPM_NODE add constraint FK_NODE_ACTION foreign key (ACTION_) references JBPM_ACTION;
    alter table JBPM_NODE add constraint FK_PROCST_SBPRCDEF foreign key (SUBPROCESSDEFINITION_) references JBPM_PROCESSDEFINITION;
    alter table JBPM_NODE add constraint FK_NODE_SCRIPT foreign key (SCRIPT_) references JBPM_ACTION;
    alter table JBPM_NODE add constraint FK_NODE_SUPERSTATE foreign key (SUPERSTATE_) references JBPM_NODE;
    create index IDX_TSKINST_SWLANE on JBPM_POOLEDACTOR (SWIMLANEINSTANCE_);
    create index IDX_PLDACTR_ACTID on JBPM_POOLEDACTOR (ACTORID_);
    alter table JBPM_POOLEDACTOR add constraint FK_POOLEDACTOR_SLI foreign key (SWIMLANEINSTANCE_) references JBPM_SWIMLANEINSTANCE;
    create index IDX_PROCDEF_STRTST on JBPM_PROCESSDEFINITION (STARTSTATE_);
    alter table JBPM_PROCESSDEFINITION add constraint FK_PROCDEF_STRTSTA foreign key (STARTSTATE_) references JBPM_NODE;
    create index IDX_PROCIN_SPROCTK on JBPM_PROCESSINSTANCE (SUPERPROCESSTOKEN_);
    create index IDX_PROCIN_ROOTTK on JBPM_PROCESSINSTANCE (ROOTTOKEN_);
    create index IDX_PROCIN_PROCDEF on JBPM_PROCESSINSTANCE (PROCESSDEFINITION_);
    create index IDX_PROCIN_KEY on JBPM_PROCESSINSTANCE (KEY_);
    alter table JBPM_PROCESSINSTANCE add constraint FK_PROCIN_PROCDEF foreign key (PROCESSDEFINITION_) references JBPM_PROCESSDEFINITION;
    alter table JBPM_PROCESSINSTANCE add constraint FK_PROCIN_ROOTTKN foreign key (ROOTTOKEN_) references JBPM_TOKEN;
    alter table JBPM_PROCESSINSTANCE add constraint FK_PROCIN_SPROCTKN foreign key (SUPERPROCESSTOKEN_) references JBPM_TOKEN;
    create index IDX_RTACTN_ACTION on JBPM_RUNTIMEACTION (ACTION_);
    create index IDX_RTACTN_PRCINST on JBPM_RUNTIMEACTION (PROCESSINSTANCE_);
    alter table JBPM_RUNTIMEACTION add constraint FK_RTACTN_PROCINST foreign key (PROCESSINSTANCE_) references JBPM_PROCESSINSTANCE;
    alter table JBPM_RUNTIMEACTION add constraint FK_RTACTN_ACTION foreign key (ACTION_) references JBPM_ACTION;
    create index IDX_SWL_ASSDEL on JBPM_SWIMLANE (ASSIGNMENTDELEGATION_);
    create index IDX_SWL_TSKMGMTDEF on JBPM_SWIMLANE (TASKMGMTDEFINITION_);
    alter table JBPM_SWIMLANE add constraint FK_SWL_ASSDEL foreign key (ASSIGNMENTDELEGATION_) references JBPM_DELEGATION;
    alter table JBPM_SWIMLANE add constraint FK_SWL_TSKMGMTDEF foreign key (TASKMGMTDEFINITION_) references JBPM_MODULEDEFINITION;
    create index IDX_SWIMLANEINST_TM on JBPM_SWIMLANEINSTANCE (TASKMGMTINSTANCE_);
    create index IDX_SWIMLINST_SL on JBPM_SWIMLANEINSTANCE (SWIMLANE_);
    alter table JBPM_SWIMLANEINSTANCE add constraint FK_SWIMLANEINST_TM foreign key (TASKMGMTINSTANCE_) references JBPM_MODULEINSTANCE;
    alter table JBPM_SWIMLANEINSTANCE add constraint FK_SWIMLANEINST_SL foreign key (SWIMLANE_) references JBPM_SWIMLANE;
    create index IDX_TASK_PROCDEF on JBPM_TASK (PROCESSDEFINITION_);
    create index IDX_TASK_SWIMLANE on JBPM_TASK (SWIMLANE_);
    create index IDX_TASK_STARTST on JBPM_TASK (STARTSTATE_);
    create index IDX_TSK_TSKCTRL on JBPM_TASK (TASKCONTROLLER_);
    create index IDX_TASK_ASSDEL on JBPM_TASK (ASSIGNMENTDELEGATION_);
    create index IDX_TASK_TSKNODE on JBPM_TASK (TASKNODE_);
    create index IDX_TASK_TASKMGTDF on JBPM_TASK (TASKMGMTDEFINITION_);
    alter table JBPM_TASK add constraint FK_TASK_STARTST foreign key (STARTSTATE_) references JBPM_NODE;
    alter table JBPM_TASK add constraint FK_TASK_PROCDEF foreign key (PROCESSDEFINITION_) references JBPM_PROCESSDEFINITION;
    alter table JBPM_TASK add constraint FK_TASK_ASSDEL foreign key (ASSIGNMENTDELEGATION_) references JBPM_DELEGATION;
    alter table JBPM_TASK add constraint FK_TASK_SWIMLANE foreign key (SWIMLANE_) references JBPM_SWIMLANE;
    alter table JBPM_TASK add constraint FK_TASK_TASKNODE foreign key (TASKNODE_) references JBPM_NODE;
    alter table JBPM_TASK add constraint FK_TASK_TASKMGTDEF foreign key (TASKMGMTDEFINITION_) references JBPM_MODULEDEFINITION;
    alter table JBPM_TASK add constraint FK_TSK_TSKCTRL foreign key (TASKCONTROLLER_) references JBPM_TASKCONTROLLER;
    alter table JBPM_TASKACTORPOOL add constraint FK_TASKACTPL_TSKI foreign key (TASKINSTANCE_) references JBPM_TASKINSTANCE;
    alter table JBPM_TASKACTORPOOL add constraint FK_TSKACTPOL_PLACT foreign key (POOLEDACTOR_) references JBPM_POOLEDACTOR;
    create index IDX_TSKCTRL_DELEG on JBPM_TASKCONTROLLER (TASKCONTROLLERDELEGATION_);
    alter table JBPM_TASKCONTROLLER add constraint FK_TSKCTRL_DELEG foreign key (TASKCONTROLLERDELEGATION_) references JBPM_DELEGATION;
    create index IDX_TSKINST_TMINST on JBPM_TASKINSTANCE (TASKMGMTINSTANCE_);
    create index IDX_TSKINST_SLINST on JBPM_TASKINSTANCE (SWIMLANINSTANCE_);
    create index IDX_TASKINST_TOKN on JBPM_TASKINSTANCE (TOKEN_);
    create index IDX_TASK_ACTORID on JBPM_TASKINSTANCE (ACTORID_);
    create index IDX_TASKINST_TSK on JBPM_TASKINSTANCE (TASK_, PROCINST_);
    alter table JBPM_TASKINSTANCE add constraint FK_TSKINS_PRCINS foreign key (PROCINST_) references JBPM_PROCESSINSTANCE;
    alter table JBPM_TASKINSTANCE add constraint FK_TASKINST_TMINST foreign key (TASKMGMTINSTANCE_) references JBPM_MODULEINSTANCE;
    alter table JBPM_TASKINSTANCE add constraint FK_TASKINST_TOKEN foreign key (TOKEN_) references JBPM_TOKEN;
    alter table JBPM_TASKINSTANCE add constraint FK_TASKINST_SLINST foreign key (SWIMLANINSTANCE_) references JBPM_SWIMLANEINSTANCE;
    alter table JBPM_TASKINSTANCE add constraint FK_TASKINST_TASK foreign key (TASK_) references JBPM_TASK;
    create index IDX_TOKEN_PARENT on JBPM_TOKEN (PARENT_);
    create index IDX_TOKEN_PROCIN on JBPM_TOKEN (PROCESSINSTANCE_);
    create index IDX_TOKEN_NODE on JBPM_TOKEN (NODE_);
    create index IDX_TOKEN_SUBPI on JBPM_TOKEN (SUBPROCESSINSTANCE_);
    alter table JBPM_TOKEN add constraint FK_TOKEN_SUBPI foreign key (SUBPROCESSINSTANCE_) references JBPM_PROCESSINSTANCE;
    alter table JBPM_TOKEN add constraint FK_TOKEN_PROCINST foreign key (PROCESSINSTANCE_) references JBPM_PROCESSINSTANCE;
    alter table JBPM_TOKEN add constraint FK_TOKEN_NODE foreign key (NODE_) references JBPM_NODE;
    alter table JBPM_TOKEN add constraint FK_TOKEN_PARENT foreign key (PARENT_) references JBPM_TOKEN;
    create index IDX_TKVVARMP_TOKEN on JBPM_TOKENVARIABLEMAP (TOKEN_);
    create index IDX_TKVARMAP_CTXT on JBPM_TOKENVARIABLEMAP (CONTEXTINSTANCE_);
    alter table JBPM_TOKENVARIABLEMAP add constraint FK_TKVARMAP_TOKEN foreign key (TOKEN_) references JBPM_TOKEN;
    alter table JBPM_TOKENVARIABLEMAP add constraint FK_TKVARMAP_CTXT foreign key (CONTEXTINSTANCE_) references JBPM_MODULEINSTANCE;
    create index IDX_TRANS_PROCDEF on JBPM_TRANSITION (PROCESSDEFINITION_);
    create index IDX_TRANSIT_FROM on JBPM_TRANSITION (FROM_);
    create index IDX_TRANSIT_TO on JBPM_TRANSITION (TO_);
    alter table JBPM_TRANSITION add constraint FK_TRANSITION_FROM foreign key (FROM_) references JBPM_NODE;
    alter table JBPM_TRANSITION add constraint FK_TRANS_PROCDEF foreign key (PROCESSDEFINITION_) references JBPM_PROCESSDEFINITION;
    alter table JBPM_TRANSITION add constraint FK_TRANSITION_TO foreign key (TO_) references JBPM_NODE;
    alter table JBPM_VARIABLEACCESS add constraint FK_VARACC_PROCST foreign key (PROCESSSTATE_) references JBPM_NODE;
    alter table JBPM_VARIABLEACCESS add constraint FK_VARACC_SCRIPT foreign key (SCRIPT_) references JBPM_ACTION;
    alter table JBPM_VARIABLEACCESS add constraint FK_VARACC_TSKCTRL foreign key (TASKCONTROLLER_) references JBPM_TASKCONTROLLER;
    create index IDX_VARINST_TK on JBPM_VARIABLEINSTANCE (TOKEN_);
    create index IDX_VARINST_TKVARMP on JBPM_VARIABLEINSTANCE (TOKENVARIABLEMAP_);
    create index IDX_VARINST_PRCINS on JBPM_VARIABLEINSTANCE (PROCESSINSTANCE_);
    create index IDX_BYTEINST_ARRAY on JBPM_VARIABLEINSTANCE (BYTEARRAYVALUE_);
    alter table JBPM_VARIABLEINSTANCE add constraint FK_VARINST_PRCINST foreign key (PROCESSINSTANCE_) references JBPM_PROCESSINSTANCE;
    alter table JBPM_VARIABLEINSTANCE add constraint FK_VARINST_TKVARMP foreign key (TOKENVARIABLEMAP_) references JBPM_TOKENVARIABLEMAP;
    alter table JBPM_VARIABLEINSTANCE add constraint FK_VARINST_TK foreign key (TOKEN_) references JBPM_TOKEN;
    alter table JBPM_VARIABLEINSTANCE add constraint FK_BYTEINST_ARRAY foreign key (BYTEARRAYVALUE_) references JBPM_BYTEARRAY;
    alter table JBPM_VARIABLEINSTANCE add constraint FK_VAR_TSKINST foreign key (TASKINSTANCE_) references JBPM_TASKINSTANCE;
    create sequence hibernate_sequence;


    INSERT INTO JBPM_ID_GROUP VALUES(1,'G','sales','organisation',NULL);
    INSERT INTO JBPM_ID_GROUP VALUES(2,'G','admin','security-role',NULL);
    INSERT INTO JBPM_ID_GROUP VALUES(3,'G','user','security-role',NULL);
    INSERT INTO JBPM_ID_GROUP VALUES(4,'G','hr','organisation',NULL);
    INSERT INTO JBPM_ID_GROUP VALUES(5,'G','manager','security-role',NULL);

    INSERT INTO JBPM_ID_USER VALUES(1,'U','user','user@sample.domain','user');
    INSERT INTO JBPM_ID_USER VALUES(2,'U','manager','manager@sample.domain','manager');
    INSERT INTO JBPM_ID_USER VALUES(3,'U','admin','admin@sample.domain','admin');
    INSERT INTO JBPM_ID_USER VALUES(4,'U','shipper','shipper@sample.domain','shipper');

    INSERT INTO JBPM_ID_MEMBERSHIP VALUES(1,'M',NULL,NULL,2,4);
    INSERT INTO JBPM_ID_MEMBERSHIP VALUES(2,'M',NULL,NULL,3,4);
    INSERT INTO JBPM_ID_MEMBERSHIP VALUES(3,'M',NULL,NULL,4,4);
    INSERT INTO JBPM_ID_MEMBERSHIP VALUES(4,'M',NULL,NULL,4,3);
    INSERT INTO JBPM_ID_MEMBERSHIP VALUES(5,'M',NULL,NULL,1,3);
    INSERT INTO JBPM_ID_MEMBERSHIP VALUES(6,'M',NULL,NULL,2,3);
    INSERT INTO JBPM_ID_MEMBERSHIP VALUES(7,'M',NULL,NULL,3,3);
    INSERT INTO JBPM_ID_MEMBERSHIP VALUES(8,'M',NULL,NULL,3,2);
    INSERT INTO JBPM_ID_MEMBERSHIP VALUES(9,'M',NULL,NULL,2,2);
    INSERT INTO JBPM_ID_MEMBERSHIP VALUES(10,'M',NULL,NULL,2,5);
    INSERT INTO JBPM_ID_MEMBERSHIP VALUES(11,'M',NULL,'boss',2,1);
    INSERT INTO JBPM_ID_MEMBERSHIP VALUES(12,'M',NULL,NULL,1,1);


    RETURN 0;
END;
$BODY$
  LANGUAGE plpgsql VOLATILE
  COST 100;
